drop database if exists reconocimiento;

create database reconocimiento;

use reconocimiento;
-- phpMyAdmin SQL Dump
-- version 3.5.1
-- http://www.phpmyadmin.net
--
-- Servidor: localhost
-- Tiempo de generación: 19-12-2015 a las 16:45:22
-- Versión del servidor: 5.5.24-log
-- Versión de PHP: 5.4.3

SET SQL_MODE="NO_AUTO_VALUE_ON_ZERO";
SET time_zone = "+00:00";


/*!40101 SET @OLD_CHARACTER_SET_CLIENT=@@CHARACTER_SET_CLIENT */;
/*!40101 SET @OLD_CHARACTER_SET_RESULTS=@@CHARACTER_SET_RESULTS */;
/*!40101 SET @OLD_COLLATION_CONNECTION=@@COLLATION_CONNECTION */;
/*!40101 SET NAMES utf8 */;

--
-- Base de datos: `reconocimiento`
--

-- --------------------------------------------------------

--
-- Estructura de tabla para la tabla `equipos_torneo`
--

-- --------------------------------------------------------

--
-- Estructura de tabla para la tabla `tbtorneos`
--

CREATE TABLE IF NOT EXISTS `tbtorneos` (
  `id_torneo` int(11) NOT NULL,
  `nombre` varchar(150) DEFAULT NULL,
  `fecha` varchar(50) DEFAULT NULL,
  `lugar` varchar(80) DEFAULT NULL,
  PRIMARY KEY (`id_torneo`)
) ENGINE=InnoDB  DEFAULT CHARSET=latin1 ;

--
-- Volcado de datos para la tabla `tbtorneos`
--

INSERT INTO `tbtorneos` VALUES(1, 'TORNEO VEX VRC 10 ANIVERSARIO DE LA UNIVERSIDAD POLITÉCNICA DE CHIAPAS', '21 de Septiembre de 2015', 'Tuxtla Gutiérrez - Chiapas.\r');
INSERT INTO `tbtorneos` VALUES(2, 'TORNEO VEX U 10 ANIVERSARIO DE LA UNIVERSIDAD POLITÉCNICA DE CHIAPAS', '21 de Septiembre de 2015', 'Tuxtla Gutiérrez - Chiapas.\r');
INSERT INTO `tbtorneos` VALUES(3, 'Torneo VEX VRC - Reeduca Congreso Nacional de Tecnologías de la Información y Comunicación 2015.', '16 de Octubre de 2015', 'Playa del Carmen - Quintana Roo.\r');
INSERT INTO `tbtorneos` VALUES(4, 'Torneo VEX U - Reeduca Congreso Nacional de Tecnologías de la Información y Comunicación 2015.', '17 de Octubre de 2015', 'Playa del Carmen - Quintana Roo.\r');
INSERT INTO `tbtorneos` VALUES(5, 'TORNEO 2A SEMANA DE CIENCIA Y TECNOLOGIA DEL ESTADO DE TABASCOVEX IQ BANK SHOT 2015-2016', '26 de Octubre de 2015', 'Villahermosa - Tabasco.\r');
INSERT INTO `tbtorneos` VALUES(6, 'Torneo VEX IQ Local VEX - Reeduca 2015-2016 CETIS 109 Cd. Madero', '27 de Septiembre de 2015', 'Ciudad Madero - Tamaulipas\r');
INSERT INTO `tbtorneos` VALUES(7, 'Torneo VEX VRC Local VEX - Reeduca 2015-2016 CETIS 109 Cd. Madero', '27 de Septiembre de 2015', 'Ciudad Madero - Tamaulipas\r');
INSERT INTO `tbtorneos` VALUES(8, 'Torneo VEX U Local VEX - Reeduca 2015-2016 CETIS 109 Cd. Madero', '27 de Septiembre de 2015', 'Ciudad Madero - Tamaulipas\r');
INSERT INTO `tbtorneos` VALUES(9, 'Primer Torneo Estatal Vex-Reeduca 2015-2016 VEX VRC', '18 de Octubre de 2015', 'Durango - Durango\r');
INSERT INTO `tbtorneos` VALUES(10, 'Primer Torneo Estatal Vex-Reeduca 2015-2016 VEX IQ', '18 de Octubre de 2015', 'Durango - Durango\r');
INSERT INTO `tbtorneos` VALUES(11, '1er Torneo Local VEX VRC VEX-Reeduca de la Academia de Robotica del Estado de Hidalgo. ', '27 de Octubre de 2015', 'Pachuca - Hidalgo\r');
INSERT INTO `tbtorneos` VALUES(12, '1er Torneo Local VEX U VEX-Reeduca de la Academia de Robotica del Estado de Hidalgo. ', '27 de Octubre de 2015', 'Pachuca - Hidalgo\r');
INSERT INTO `tbtorneos` VALUES(13, '2do Torneo Local VEX-Reeduca de la Academia de Robotica del Estado de Hidalgo.', '29 de Octubre de 2015', 'Huejutla - Hidalgo\r');
INSERT INTO `tbtorneos` VALUES(14, '1er. Torneo Local de VEX IQ de la Zona de Occidente VEX-Reeduca 2015-2016', '31 de Octubre de 2015', 'Lagos de Moreno - Jalisco\r');
INSERT INTO `tbtorneos` VALUES(15, '1er. Torneo Local de la Zona de Occidente VEX-Reeduca 2015-2016', '31 de Octubre de 2015', 'Lagos de Moreno - Jalisco\r');
INSERT INTO `tbtorneos` VALUES(16, 'Torneo VEX IQ - Reeduca 4 Congreso Internacional de Robótica y Automatización 2015.', '20 de Noviembre de 2015', 'Durango - Durango\r');
INSERT INTO `tbtorneos` VALUES(17, 'Torneo VRC Middle - Reeduca 4 Congreso Internacional de Robtica y Automatizacin 2015.', '20 de Noviembre de 2015', 'Durango - Durango\r');
INSERT INTO `tbtorneos` VALUES(18, 'Torneo VRC - Reeduca 4 Congreso Internacional de Robótica y Automatización 2015.', '20 de Noviembre de 2015', 'Durango - Durango\r');
INSERT INTO `tbtorneos` VALUES(19, 'Torneo VEX U - Reeduca 4 Congreso Internacional de Robótica y Automatización 2015.', '20 de Noviembre de 2015', 'Durango - Durango\r');
INSERT INTO `tbtorneos` VALUES(20, '2do Torneo Estatal de Secundarias Durango Vex-Reeduca 2015', '22 de Noviembre de 2015', 'Durango - Durango\r');
INSERT INTO `tbtorneos` VALUES(21, '1er. Torneo Regional CECyTE Aguascalientes &amp; Reeduca 2015-2016', '24 de Noviembre de 2015', 'Aguascalientes - Aguascalientes\r');
INSERT INTO `tbtorneos` VALUES(22, '6to Torneo Local VEX VRC VEX-Reeduca de la Academia de Robotica del Estado de Hidalgo.', '26 de Noviembre de 2015', 'Pachuca - Hidalgo\r');
INSERT INTO `tbtorneos` VALUES(23, '5to Torneo Local VEX VRC VEX-Reeduca de la Academia de Robotica del Estado de Hidalgo.', '26 de Noviembre de 2015', 'Huichapan - Hidalgo\r');
INSERT INTO `tbtorneos` VALUES(24, '4to Torneo Local VEX VRC VEX-Reeduca de la Academia de Robotica del Estado de Hidalgo.', '26 de Noviembre de 2015', 'Zacualtipan - Hidalgo\r');
INSERT INTO `tbtorneos` VALUES(25, '6to Torneo Local VEX U VEX-Reeduca de la Academia de Robotica del Estado de Hidalgo.', '26 de Noviembre de 2015', 'Pachuca - Hidalgo\r');
INSERT INTO `tbtorneos` VALUES(26, '4to Torneo Local VEX U VEX-Reeduca de la Academia de Robotica del Estado de Hidalgo.', '26 de Noviembre de 2015', 'Zacualtipan - Hidalgo\r');
INSERT INTO `tbtorneos` VALUES(27, '5to Torneo Local VEX U VEX-Reeduca de la Academia de Robotica del Estado de Hidalgo.', '26 de Noviembre de 2015', 'Huichapan - Hidalgo\r');
INSERT INTO `tbtorneos` VALUES(28, '2do. Torneo Local de VEX IQ de la Zona de Occidente VEX-Reeduca 2015-2016', '28 de Noviembre de 2015', 'Zapopan - Jalisco\r');
INSERT INTO `tbtorneos` VALUES(29, '2do. Torneo Local de la Zona de Occidente VEX-Reeduca 2015-2016', '28 de Noviembre de 2015', 'Zapopan - Jalisco\r');

--
-- Restricciones para tablas volcadas
--

--
-- Filtros para la tabla `equipos_torneo`
--


--
-- Estructura de tabla para la tabla `tbequipo`
--

CREATE TABLE IF NOT EXISTS `tbequipo` (
  `id_equipo` int(11) NOT NULL,
  `vexid` varchar(8) DEFAULT NULL,
  `institucion` varchar(200) DEFAULT NULL,
  PRIMARY KEY (`id_equipo`)
) ENGINE=InnoDB  DEFAULT CHARSET=latin1 ;

--
-- Volcado de datos para la tabla `tbequipo`
--

INSERT INTO `tbequipo` VALUES(1, '10239A', 'COCYTECH\r');
INSERT INTO `tbequipo` VALUES(2, '10284', 'ESCUELA PRIMARIA 29 BATALLON\r');
INSERT INTO `tbequipo` VALUES(3, '10291A', 'Academia de Robotica de Tapachula\r');
INSERT INTO `tbequipo` VALUES(4, '10291B', 'Academia de Robotica de Tapachula\r');
INSERT INTO `tbequipo` VALUES(5, '10291C', 'Academia de Robotica de Tapachula\r');
INSERT INTO `tbequipo` VALUES(6, '10601', 'ESCUELA PRIMARIA TEOFILO ACEBO\r');
INSERT INTO `tbequipo` VALUES(7, '10683C', 'Instituto de Estudios Superiores de Chiapas\r');
INSERT INTO `tbequipo` VALUES(8, '10683D', 'Instituto de Estudios Superiores de Chiapas\r');
INSERT INTO `tbequipo` VALUES(9, '10683F', 'Instituto de Estudios Superiores de Chiapas\r');
INSERT INTO `tbequipo` VALUES(10, '10712', 'ESCUELA PRIMARIA MEXICO\r');
INSERT INTO `tbequipo` VALUES(11, '10345A', 'Colegio Gabriela Mistral\r');
INSERT INTO `tbequipo` VALUES(12, '10345B', 'Colegio Gabriela Mistral\r');
INSERT INTO `tbequipo` VALUES(13, '10622', 'Robot-ik World Center\r');
INSERT INTO `tbequipo` VALUES(14, '10622B', 'Robot-ik World Center\r');
INSERT INTO `tbequipo` VALUES(15, '10948', 'Instituto de Ciencias y Estudios Superiores de Tam\r');
INSERT INTO `tbequipo` VALUES(16, '10948B', 'Instituto de Ciencias y Estudios Superiores de Tam\r');
INSERT INTO `tbequipo` VALUES(17, '10948D', 'Instituto de Ciencias y Estudios Superiores de Tam\r');
INSERT INTO `tbequipo` VALUES(18, '11080', 'COLEGIO MOTOLINIA PRIMARIA\r');
INSERT INTO `tbequipo` VALUES(19, '11190', 'ESCUELA PRIMARIA JUAN ESCUTIA\r');
INSERT INTO `tbequipo` VALUES(20, '10067A', 'escuela secundaria tecnica 67\r');
INSERT INTO `tbequipo` VALUES(21, '10067B', 'escuela secundaria tecnica 67\r');
INSERT INTO `tbequipo` VALUES(22, '10067C', 'escuela secundaria tecnica 67\r');
INSERT INTO `tbequipo` VALUES(23, '10067D', 'escuela secundaria tecnica 67\r');
INSERT INTO `tbequipo` VALUES(24, '10293A', 'Escuela Secundaria Estatal Benito Juarez\r');
INSERT INTO `tbequipo` VALUES(25, '10330A', 'Centro de Iniciación a la Ciencia y Tecnología\r');
INSERT INTO `tbequipo` VALUES(26, '10330B', 'Centro de Iniciación a la Ciencia y Tecnología\r');
INSERT INTO `tbequipo` VALUES(27, '10330C', 'Centro de Iniciación a la Ciencia y Tecnología\r');
INSERT INTO `tbequipo` VALUES(28, '10330D', 'Centro de Iniciación a la Ciencia y Tecnología\r');
INSERT INTO `tbequipo` VALUES(29, '10330E', 'Centro de Iniciación a la Ciencia y Tecnología\r');
INSERT INTO `tbequipo` VALUES(30, '10330F', 'Centro de Iniciación a la Ciencia y Tecnología\r');
INSERT INTO `tbequipo` VALUES(31, '10330G', 'Centro de Iniciación a la Ciencia y Tecnología\r');
INSERT INTO `tbequipo` VALUES(32, '10330H', 'Centro de Iniciación a la Ciencia y Tecnología\r');
INSERT INTO `tbequipo` VALUES(33, '10330J', 'Centro de Iniciación a la Ciencia y Tecnología\r');
INSERT INTO `tbequipo` VALUES(34, '10727', 'COLEGIO ALTAMIRA');
INSERT INTO `tbequipo` VALUES(35, '10881', 'Secretaria de Educación Jalisco\r');
INSERT INTO `tbequipo` VALUES(36, '10881B', 'Secretaria de Educación Jalisco\r');
INSERT INTO `tbequipo` VALUES(37, '10881C', 'Secretaria de Educación Jalisco\r');
INSERT INTO `tbequipo` VALUES(38, '10881D', 'Secretaria de Educación Jalisco\r');
INSERT INTO `tbequipo` VALUES(39, '10881E', 'Secretaria de Educación Jalisco\r');
INSERT INTO `tbequipo` VALUES(40, '10881F', 'Secretaria de Educación Jalisco\r');
INSERT INTO `tbequipo` VALUES(41, '10881G', 'Secretaria de Educación Jalisco\r');
INSERT INTO `tbequipo` VALUES(42, '10881H', 'Secretaria de Educación Jalisco\r');
INSERT INTO `tbequipo` VALUES(43, '10881J', 'Secretaria de Educación Jalisco\r');
INSERT INTO `tbequipo` VALUES(44, '10881K', 'Secretaria de Educación Jalisco\r');
INSERT INTO `tbequipo` VALUES(45, '10881M', 'Secretaria de Educación Jalisco\r');
INSERT INTO `tbequipo` VALUES(46, '10881N', 'Secretaria de Educación Jalisco\r');
INSERT INTO `tbequipo` VALUES(47, '10881P', 'Secretaria de Educación Jalisco\r');
INSERT INTO `tbequipo` VALUES(48, '10881R', 'Secretaria de Educación Jalisco\r');
INSERT INTO `tbequipo` VALUES(49, '11439', 'Colegio Altamira la Cima\r');
INSERT INTO `tbequipo` VALUES(50, '10358', 'SECUNDARIA DEL ESTADO\r');
INSERT INTO `tbequipo` VALUES(51, '10358B', 'SECUNDARIA DEL ESTADO\r');
INSERT INTO `tbequipo` VALUES(52, '10358C', 'SECUNDARIA DEL ESTADO\r');
INSERT INTO `tbequipo` VALUES(53, '10378', 'ESTV 21 PLAN DE AYALA\r');
INSERT INTO `tbequipo` VALUES(54, '10523', 'ESCUELA SECUNDARIA GENERAL NO. 1 ESIMA\r');
INSERT INTO `tbequipo` VALUES(55, '10681', 'ESTV 22 REFUGIO SALCIDO\r');
INSERT INTO `tbequipo` VALUES(56, '10686', 'ESCUELA SECUNDARIA ESTATAL 22 DE SEPTIEMBRE\r');
INSERT INTO `tbequipo` VALUES(57, '10687', 'ESCUELA SECUNDARIA TECNICA NO. 19\r');
INSERT INTO `tbequipo` VALUES(58, '10691', 'ESCUELA SECUNDARIA TECNICA NO. 57\r');
INSERT INTO `tbequipo` VALUES(59, '11063', 'ESTV 185 LA FERRERIA\r');
INSERT INTO `tbequipo` VALUES(60, '11063B', 'ESTV 185 LA FERRERIA\r');
INSERT INTO `tbequipo` VALUES(61, '11069', 'ESTV 16 DOLORES HIDALGO\r');
INSERT INTO `tbequipo` VALUES(62, '11078', 'ESTV 243 CINCO DE MAYO\r');
INSERT INTO `tbequipo` VALUES(63, '11115', 'ESTV 118 EL SALTITO\r');
INSERT INTO `tbequipo` VALUES(64, '11159', 'ESTV 182 CINCO DE FEBRERO\r');
INSERT INTO `tbequipo` VALUES(65, '11170', 'ESTV 18 EL NAYAR\r');
INSERT INTO `tbequipo` VALUES(66, '11189', 'ESTV 531 GABINO SANTILLAN\r');
INSERT INTO `tbequipo` VALUES(67, '11396', 'ESTV 455 LA TINAJA\r');
INSERT INTO `tbequipo` VALUES(68, '11415', 'ESCUELA SECUNDARIA TECNICA 61\r');
INSERT INTO `tbequipo` VALUES(69, '11481', 'ESTV 374 MANO AMIGA\r');
INSERT INTO `tbequipo` VALUES(70, '11507', 'ESTV 79 PARRAL DE LA FUENTE\r');
INSERT INTO `tbequipo` VALUES(71, '11519', 'ESCUELA SECUNDARIA TECNICA 26\r');
INSERT INTO `tbequipo` VALUES(72, '10597', 'COLEGIO LICEO DEL VALLE A.C.\r');
INSERT INTO `tbequipo` VALUES(73, '10707', 'INSTITUTO THOMAS JEFFERSON CAMPUS GUADALAJARA\r');
INSERT INTO `tbequipo` VALUES(74, '10707B', 'INSTITUTO THOMAS JEFFERSON CAMPUS GUADALAJARA\r');
INSERT INTO `tbequipo` VALUES(75, '10721E', 'Secretaria de Educacion de Jalisco\r');
INSERT INTO `tbequipo` VALUES(76, '10721J', 'Secretaria de Educacion de Jalisco\r');
INSERT INTO `tbequipo` VALUES(77, '10721K', 'Secretaria de Educacion de Jalisco\r');
INSERT INTO `tbequipo` VALUES(78, '10721U', 'Secretaria de Educacion de Jalisco\r');
INSERT INTO `tbequipo` VALUES(79, '10721V', 'Secretaria de Educacion de Jalisco\r');
INSERT INTO `tbequipo` VALUES(80, '10721Z', 'Secretaria de Educacion de Jalisco\r');
INSERT INTO `tbequipo` VALUES(81, '10785B', 'Secretaria de Educación Jalisco\r');
INSERT INTO `tbequipo` VALUES(82, '10785K', 'Secretaria de Educación Jalisco\r');
INSERT INTO `tbequipo` VALUES(83, '10785N', 'Secretaria de Educación Jalisco\r');
INSERT INTO `tbequipo` VALUES(84, '10785U', 'Secretaria de Educación Jalisco\r');
INSERT INTO `tbequipo` VALUES(85, '10785Z', 'Secretaria de Educación Jalisco\r');
INSERT INTO `tbequipo` VALUES(86, '10822', 'Secretaria de Educación Jalisco\r');
INSERT INTO `tbequipo` VALUES(87, '10822F', 'Secretaria de Educación Jalisco\r');
INSERT INTO `tbequipo` VALUES(88, '10822H', 'Secretaria de Educación Jalisco\r');
INSERT INTO `tbequipo` VALUES(89, '10891G', 'Secretaria de Educación Jalisco\r');
INSERT INTO `tbequipo` VALUES(90, '10891M', 'Secretaria de Educación Jalisco\r');
INSERT INTO `tbequipo` VALUES(91, '10891W', 'Secretaria de Educación Jalisco\r');
INSERT INTO `tbequipo` VALUES(92, '10891Z', 'Secretaria de Educación Jalisco\r');
INSERT INTO `tbequipo` VALUES(93, '11020', 'Secretaria de Educación Jalisco\r');
INSERT INTO `tbequipo` VALUES(94, '11020F', 'Secretaria de Educación Jalisco\r');
INSERT INTO `tbequipo` VALUES(95, '11020J', 'Secretaria de Educación Jalisco\r');
INSERT INTO `tbequipo` VALUES(96, '11020R', 'Secretaria de Educación Jalisco\r');
INSERT INTO `tbequipo` VALUES(97, '11020W', 'Secretaria de Educación Jalisco\r');
INSERT INTO `tbequipo` VALUES(98, '19131', 'Centro Escolar Los Altos - PROMOCI0N CULTURAL DE OCCIDENTE AC PCO700828 976\r');
INSERT INTO `tbequipo` VALUES(99, '19131A', 'Centro Escolar Los Altos - PROMOCI0N CULTURAL DE OCCIDENTE AC PCO700828 976\r');
INSERT INTO `tbequipo` VALUES(100, '19131B', 'Centro Escolar Los Altos - PROMOCI0N CULTURAL DE OCCIDENTE AC PCO700828 976\r');
INSERT INTO `tbequipo` VALUES(101, '5188A', 'ESC. SECUNDARIA GENERAL NO. 4 JOSE VASCONCELOS\r');
INSERT INTO `tbequipo` VALUES(102, '5294A', 'ESCUELA SECUNDARIA TECNICA NO. 57\r');
INSERT INTO `tbequipo` VALUES(103, '5294B', 'ESCUELA SECUNDARIA TECNICA NO. 57\r');
INSERT INTO `tbequipo` VALUES(104, '6011A', 'ESCUELA SECUNDARIA GENERAL NO. 1 ESIMA\r');
INSERT INTO `tbequipo` VALUES(105, '6038', 'ESC. SEC. GRAL PROF CONSTANTINO CARCAÑO REYES\r');
INSERT INTO `tbequipo` VALUES(106, '6120A', 'ESCUELA SECUNDARIA TECNICA NO. 73\r');
INSERT INTO `tbequipo` VALUES(107, '6196A', 'ESCUELA SECUNDARIA TECNICA NO. 19\r');
INSERT INTO `tbequipo` VALUES(108, '6196B', 'ESCUELA SECUNDARIA TECNICA NO. 20\r');
INSERT INTO `tbequipo` VALUES(109, '6224A', 'Esc. Sec. Estatal Lic. Benito Juárez\r');
INSERT INTO `tbequipo` VALUES(110, '6514A', 'ESCUELA SECUNDARIA TECNICA NO. 1\r');
INSERT INTO `tbequipo` VALUES(111, '6514B', 'ESCUELA SECUNDARIA TECNICA NO. 2\r');
INSERT INTO `tbequipo` VALUES(112, '6637', 'ESCUELA SECUNDARIA TECNICA NO. 67\r');
INSERT INTO `tbequipo` VALUES(113, '6637B', 'ESCUELA SECUNDARIA TECNICA NO. 67\r');
INSERT INTO `tbequipo` VALUES(114, '6656A', 'ESCUELA SECUNDARIA TECNICA NO. 26\r');
INSERT INTO `tbequipo` VALUES(115, '7065A', 'ESCUELA SECUNDARIA ESTATAL 22 DE SEPTIEMBRE\r');
INSERT INTO `tbequipo` VALUES(116, '7313A', 'SEED-AS 1\r');
INSERT INTO `tbequipo` VALUES(117, '7313B', 'SEED-AS 1\r');
INSERT INTO `tbequipo` VALUES(118, '7313C', 'SEED-AS 1\r');
INSERT INTO `tbequipo` VALUES(119, '7313D', 'SEED-AS 1\r');
INSERT INTO `tbequipo` VALUES(120, '7488A', 'ESCUELA SECUNDARIA ESTATAL LIC. JESUS REYES HERO\r');
INSERT INTO `tbequipo` VALUES(121, '7974A', 'ESCUELA SECUNDARIA TECNICA NO. 53\r');
INSERT INTO `tbequipo` VALUES(122, '8797', 'Escuela Secundaria Tecnica 61\r');
INSERT INTO `tbequipo` VALUES(123, '10378', 'ESTV 21 PLAN DE AYALA\r');
INSERT INTO `tbequipo` VALUES(124, '10523', 'ESCUELA SECUNDARIA GENERAL NO. 1 ESIMA\r');
INSERT INTO `tbequipo` VALUES(125, '10681', 'ESTV 22 REFUGIO SALCIDO\r');
INSERT INTO `tbequipo` VALUES(126, '10686', 'ESCUELA SECUNDARIA ESTATAL 22 DE SEPTIEMBRE\r');
INSERT INTO `tbequipo` VALUES(127, '10687', 'ESCUELA SECUNDARIA TECNICA NO. 19\r');
INSERT INTO `tbequipo` VALUES(128, '10691', 'ESCUELA SECUNDARIA TECNICA NO. 57\r');
INSERT INTO `tbequipo` VALUES(129, '10711', 'ESCUELA SECUNDARIA TECNICA NO. 73\r');
INSERT INTO `tbequipo` VALUES(130, '11063', 'ESTV 185 LA FERRERIA\r');
INSERT INTO `tbequipo` VALUES(131, '11063B', 'ESTV 185 LA FERRERIA\r');
INSERT INTO `tbequipo` VALUES(132, '11069', 'ESTV 16 DOLORES HIDALGO\r');
INSERT INTO `tbequipo` VALUES(133, '11078', 'ESTV 243 CINCO DE MAYO\r');
INSERT INTO `tbequipo` VALUES(134, '11115', 'ESTV 118 EL SALTITO\r');
INSERT INTO `tbequipo` VALUES(135, '11159', 'ESTV 182 CINCO DE FEBRERO\r');
INSERT INTO `tbequipo` VALUES(136, '11170', 'ESTV 18 EL NAYAR\r');
INSERT INTO `tbequipo` VALUES(137, '11189', 'ESTV 531 GABINO SANTILLAN\r');
INSERT INTO `tbequipo` VALUES(138, '11274', 'ESTV 307\r');
INSERT INTO `tbequipo` VALUES(139, '11275', 'ESTV 314\r');
INSERT INTO `tbequipo` VALUES(140, '11396', 'ESTV 455 LA TINAJA\r');
INSERT INTO `tbequipo` VALUES(141, '11415', 'ESCUELA SECUNDARIA TECNICA 61\r');
INSERT INTO `tbequipo` VALUES(142, '11481', 'ESTV 374 MANO AMIGA\r');
INSERT INTO `tbequipo` VALUES(143, '11507', 'ESTV 79 PARRAL DE LA FUENTE\r');
INSERT INTO `tbequipo` VALUES(144, '11519', 'ESCUELA SECUNDARIA TECNICA 26\r');
INSERT INTO `tbequipo` VALUES(145, '11528', 'ESTV 548\r');
INSERT INTO `tbequipo` VALUES(146, '1913M', 'Centro Escolar Los Altos //// PROMOCI0N CULTURAL DE OCCIDENTE AC PCO700828 976\r');
INSERT INTO `tbequipo` VALUES(147, '8739B', 'ACADEMIA DE ROBOTICA DE LAGO DE MORENO\r');
INSERT INTO `tbequipo` VALUES(148, '8739C', 'ACADEMIA DE ROBOTICA DE LAGO DE MORENO\r');
INSERT INTO `tbequipo` VALUES(149, '8739D', 'ACADEMIA DE ROBOTICA DE LAGO DE MORENO\r');
INSERT INTO `tbequipo` VALUES(150, '8739E', 'ACADEMIA DE ROBOTICA DE LAGO DE MORENO\r');
INSERT INTO `tbequipo` VALUES(151, '8739F', 'ACADEMIA DE ROBOTICA DE LAGO DE MORENO\r');
INSERT INTO `tbequipo` VALUES(152, '8739G', 'ACADEMIA DE ROBOTICA DE LAGO DE MORENO\r');
INSERT INTO `tbequipo` VALUES(153, '8739H', 'ACADEMIA DE ROBOTICA DE LAGO DE MORENO\r');
INSERT INTO `tbequipo` VALUES(154, '8739J', 'ACADEMIA DE ROBOTICA DE LAGO DE MORENO\r');
INSERT INTO `tbequipo` VALUES(155, '8739K', 'ACADEMIA DE ROBOTICA DE LAGO DE MORENO\r');
INSERT INTO `tbequipo` VALUES(156, '8739M', 'ACADEMIA DE ROBOTICA DE LAGO DE MORENO\r');
INSERT INTO `tbequipo` VALUES(157, '8991', 'COLEGIO ALTAMIRA');
INSERT INTO `tbequipo` VALUES(158, '8991B', 'COLEGIO ALTAMIRA');
INSERT INTO `tbequipo` VALUES(159, '8991C', 'COLEGIO ALTAMIRA');
INSERT INTO `tbequipo` VALUES(160, '8991D', 'COLEGIO ALTAMIRA');
INSERT INTO `tbequipo` VALUES(161, '8397', 'Escuela Secundaria Tecnica 61\r');
INSERT INTO `tbequipo` VALUES(162, '9060A', 'Centro de Iniciación a la Ciencia y Tecnología\r');
INSERT INTO `tbequipo` VALUES(163, '11907', 'Secundaria del Estado\r');
INSERT INTO `tbequipo` VALUES(164, '11907B', 'Secundaria del Estado\r');
INSERT INTO `tbequipo` VALUES(165, '844', 'Academia de Robotica de Puerto Vallarta\r');
INSERT INTO `tbequipo` VALUES(166, '1913A', 'Centro Escolar Los Altos //// PROMOCI0N CULTURAL DE OCCIDENTE AC PCO700828 976\r');
INSERT INTO `tbequipo` VALUES(167, '8739A', 'ACADEMIA DE ROBOTICA DE LAGO DE MORENO\r');
INSERT INTO `tbequipo` VALUES(168, '8739N', 'ACADEMIA DE ROBOTICA DE LAGO DE MORENO\r');
INSERT INTO `tbequipo` VALUES(169, '8832', 'CONALEP GUANAJUATO PLANTEL ACAMBARO\r');
INSERT INTO `tbequipo` VALUES(170, '98231', 'CONALEP Plantel Silao\r');
INSERT INTO `tbequipo` VALUES(171, '5107', 'CECYTECH PLANTEL 31 La Independencia\r');
INSERT INTO `tbequipo` VALUES(172, '5107B', 'CECYTECH PLANTEL 31 La Independencia\r');
INSERT INTO `tbequipo` VALUES(173, '5107C', 'CECYTECH PLANTEL 31 La Independencia\r');
INSERT INTO `tbequipo` VALUES(174, '5404', 'CECYTECH PLANTEL 37 Santa Elena\r');
INSERT INTO `tbequipo` VALUES(175, '5404B', 'CECYTECH PLANTEL 37 Santa Elena\r');
INSERT INTO `tbequipo` VALUES(176, '5404C', 'CECYTECH PLANTEL 37 Santa Elena\r');
INSERT INTO `tbequipo` VALUES(177, '5994', 'CECYTECH PLANTEL 20 San Cristóbal\r');
INSERT INTO `tbequipo` VALUES(178, '5994B', 'CECYTECH PLANTEL 20 San Cristóbal\r');
INSERT INTO `tbequipo` VALUES(179, '6076', 'CECYTECH PLANTEL 27 Huixtán\r');
INSERT INTO `tbequipo` VALUES(180, '6076B', 'CECYTECH PLANTEL 27 Huixtán\r');
INSERT INTO `tbequipo` VALUES(181, '6544B', 'COBACH 58 SAN CRISTOBAL DE LAS CASAS\r');
INSERT INTO `tbequipo` VALUES(182, '6544C', 'COBACH 58 SAN CRISTOBAL DE LAS CASAS\r');
INSERT INTO `tbequipo` VALUES(183, '6900', 'CECYTECH PLANTEL 01 SAN FERNANDO\r');
INSERT INTO `tbequipo` VALUES(184, '6900B', 'CECYTECH PLANTEL 01 SAN FERNANDO\r');
INSERT INTO `tbequipo` VALUES(185, '6952A', 'Cecytech 4 Jitotol\r');
INSERT INTO `tbequipo` VALUES(186, '6952B', 'Cecytech 4 Jitotol\r');
INSERT INTO `tbequipo` VALUES(187, '6953A', 'Cecytech 22 Ricardo Flores Magon\r');
INSERT INTO `tbequipo` VALUES(188, '7001B', 'COBACH 16\r');
INSERT INTO `tbequipo` VALUES(189, '7001C', 'COBACH 16\r');
INSERT INTO `tbequipo` VALUES(190, '7665', 'CECYTECH PLANTEL 13 Raudales Malpaso\r');
INSERT INTO `tbequipo` VALUES(191, '7665B', 'CECYTECH PLANTEL 13 Raudales Malpaso\r');
INSERT INTO `tbequipo` VALUES(192, '7665C', 'CECYTECH PLANTEL 13 Raudales Malpaso\r');
INSERT INTO `tbequipo` VALUES(193, '11036B', 'CONALEP\r');
INSERT INTO `tbequipo` VALUES(194, '11036C', 'CONALEP\r');
INSERT INTO `tbequipo` VALUES(195, '11036D', 'CONALEP\r');
INSERT INTO `tbequipo` VALUES(196, '11314', 'American School Foundation of Chiapas');
INSERT INTO `tbequipo` VALUES(197, '6052A', 'Cecytech 8 La Trinitaria\r');
INSERT INTO `tbequipo` VALUES(198, '7001A', 'COBACH 16\r');
INSERT INTO `tbequipo` VALUES(199, '7001D', 'COBACH 16\r');
INSERT INTO `tbequipo` VALUES(200, '7010A', 'CONALEP A\r');
INSERT INTO `tbequipo` VALUES(201, '7010B', 'CONALEP B\r');
INSERT INTO `tbequipo` VALUES(202, '7010C', 'CONALEP C\r');
INSERT INTO `tbequipo` VALUES(203, '11907B', 'Secundaria del Estado\r');
INSERT INTO `tbequipo` VALUES(204, '99504', 'SMART LIONS\r');
INSERT INTO `tbequipo` VALUES(205, '3931A', 'Robot-ik World Center\r');
INSERT INTO `tbequipo` VALUES(206, '6109A', 'Cetis 109\r');
INSERT INTO `tbequipo` VALUES(207, '6109C', 'Cetis 110\r');
INSERT INTO `tbequipo` VALUES(208, '8630', 'Colegio Columbia\r');
INSERT INTO `tbequipo` VALUES(209, '8630B', 'Colegio Columbia\r');
INSERT INTO `tbequipo` VALUES(210, '8630C', 'Colegio Columbia\r');
INSERT INTO `tbequipo` VALUES(211, '5517A', 'Esc. Sec. Tec. 38\r');
INSERT INTO `tbequipo` VALUES(212, '5517B', 'Esc. Sec. Tec. 38\r');
INSERT INTO `tbequipo` VALUES(213, '6045A', 'CECYTEH Ixcatlan\r');
INSERT INTO `tbequipo` VALUES(214, '6045B', 'CECYTEH Ixcatlan\r');
INSERT INTO `tbequipo` VALUES(215, '6081A', 'CECyTEH Plantel Tizayuca\r');
INSERT INTO `tbequipo` VALUES(216, '6081B', 'CECyTEH Plantel Tizayuca\r');
INSERT INTO `tbequipo` VALUES(217, '6295', 'CECyTEH Plantel Santiago Tulantepec\r');
INSERT INTO `tbequipo` VALUES(218, '6295B', 'CECyTEH Plantel Santiago Tulantepec\r');
INSERT INTO `tbequipo` VALUES(219, '6295C', 'CECyTEH Plantel Santiago Tulantepec\r');
INSERT INTO `tbequipo` VALUES(220, '6295D', 'CECyTEH Plantel Santiago Tulantepec\r');
INSERT INTO `tbequipo` VALUES(221, '6499A', 'CECYTEH Plantel Huichapan\r');
INSERT INTO `tbequipo` VALUES(222, '6499B', 'CECYTEH Plantel Huichapan\r');
INSERT INTO `tbequipo` VALUES(223, '6524A', 'CECyTEH Plantel Omitlán\r');
INSERT INTO `tbequipo` VALUES(224, '6524B', 'CECyTEH Plantel Omitlán\r');
INSERT INTO `tbequipo` VALUES(225, '6644', 'BEH Chapulhuacan\r');
INSERT INTO `tbequipo` VALUES(226, '6644B', 'BEH Chapulhuacan\r');
INSERT INTO `tbequipo` VALUES(227, '6939A', 'CECyTEH Plantel Chapulhuacan\r');
INSERT INTO `tbequipo` VALUES(228, '6939B', 'CECyTEH Plantel Chapulhuacan\r');
INSERT INTO `tbequipo` VALUES(229, '7472', 'COBAEH Plantel Cuautepec\r');
INSERT INTO `tbequipo` VALUES(230, '7472B', 'COBAEH Plantel Cuautepec\r');
INSERT INTO `tbequipo` VALUES(231, '7472C', 'COBAEH Plantel Cuautepec\r');
INSERT INTO `tbequipo` VALUES(232, '7472D', 'COBAEH Plantel Cuautepec\r');
INSERT INTO `tbequipo` VALUES(233, '7680A', 'CECyTEH Plantel Poxindeje\r');
INSERT INTO `tbequipo` VALUES(234, '7680B', 'CECyTEH Plantel Poxindeje\r');
INSERT INTO `tbequipo` VALUES(235, '7789', 'Cbtis179\r');
INSERT INTO `tbequipo` VALUES(236, '7789D', 'Cbtis179\r');
INSERT INTO `tbequipo` VALUES(237, '8244A', 'CECYTEH Plantel Acaxochitlán\r');
INSERT INTO `tbequipo` VALUES(238, '8244B', 'CECYTEH Plantel Acaxochitlán\r');
INSERT INTO `tbequipo` VALUES(239, '9659A', 'CECyTEH Plantel Tetepango\r');
INSERT INTO `tbequipo` VALUES(240, '9659B', 'CECyTEH Plantel Tetepango\r');
INSERT INTO `tbequipo` VALUES(241, '9955A', 'CECyTEH Plantel Pachuca\r');
INSERT INTO `tbequipo` VALUES(242, '9955B', 'CECyTEH Plantel Pachuca\r');
INSERT INTO `tbequipo` VALUES(243, '9961A', 'CECYTEH Plantel Atlapexco\r');
INSERT INTO `tbequipo` VALUES(244, '9961B', 'CECYTEH Plantel Atlapexco\r');
INSERT INTO `tbequipo` VALUES(245, '5482A', 'CECyTEH Huejutla 1\r');
INSERT INTO `tbequipo` VALUES(246, '5462B', 'CECyTEH Huejutla 2\r');
INSERT INTO `tbequipo` VALUES(247, '5482C', 'CECyTEH Huejutla 3\r');
INSERT INTO `tbequipo` VALUES(248, '8832', 'CONALEP GUANAJUATO PLANTEL ACAMBARO\r');
INSERT INTO `tbequipo` VALUES(249, '98231', 'CONALEP Plantel Silao\r');
INSERT INTO `tbequipo` VALUES(250, '8739A', 'ACADEMIA DE ROBOTICA DE LAGO DE MORENO\r');
INSERT INTO `tbequipo` VALUES(251, '8739N', 'ACADEMIA DE ROBOTICA DE LAGO DE MORENO\r');
INSERT INTO `tbequipo` VALUES(252, '1913A', 'Centro Escolar Los Altos //// PROMOCI0N CULTURAL DE OCCIDENTE AC PCO700828 976\r');
INSERT INTO `tbequipo` VALUES(253, '5188A', 'ESC. SECUNDARIA GENERAL NO. 4 JOSE VASCONCELOS\r');
INSERT INTO `tbequipo` VALUES(254, '5294A', 'ESCUELA SECUNDARIA TECNICA NO. 57\r');
INSERT INTO `tbequipo` VALUES(255, '5294B', 'ESCUELA SECUNDARIA TECNICA NO. 57\r');
INSERT INTO `tbequipo` VALUES(256, '6011A', 'ESCUELA SECUNDARIA GENERAL NO. 1 ESIMA\r');
INSERT INTO `tbequipo` VALUES(257, '6196A', 'ESCUELA SECUNDARIA TECNICA NO. 19\r');
INSERT INTO `tbequipo` VALUES(258, '6196B', 'ESCUELA SECUNDARIA TECNICA NO. 19\r');
INSERT INTO `tbequipo` VALUES(259, '6224A', 'Esc. Sec. Estatal Lic. Benito Juárez\r');
INSERT INTO `tbequipo` VALUES(260, '6358', 'CBTIS 89\r');
INSERT INTO `tbequipo` VALUES(261, '6358B', 'CBTIS 89\r');
INSERT INTO `tbequipo` VALUES(262, '6358C', 'CBTIS 89\r');
INSERT INTO `tbequipo` VALUES(263, '6514A', 'ESCUELA SECUNDARIA TECNICA NO. 1\r');
INSERT INTO `tbequipo` VALUES(264, '6514B', 'ESCUELA SECUNDARIA TECNICA NO. 1\r');
INSERT INTO `tbequipo` VALUES(265, '6637', 'ESCUELA SECUNDARIA TECNICA NO. 67\r');
INSERT INTO `tbequipo` VALUES(266, '6637B', 'ESCUELA SECUNDARIA TECNICA NO. 67\r');
INSERT INTO `tbequipo` VALUES(267, '6656A', 'ESCUELA SECUNDARIA TECNICA NO. 26\r');
INSERT INTO `tbequipo` VALUES(268, '7065A', 'ESCUELA SECUNDARIA ESTATAL 22 DE SEPTIEMBRE\r');
INSERT INTO `tbequipo` VALUES(269, '7313A', 'SEED-AS 1\r');
INSERT INTO `tbequipo` VALUES(270, '7313B', 'SEED-AS 1\r');
INSERT INTO `tbequipo` VALUES(271, '7313C', 'SEED-AS 1\r');
INSERT INTO `tbequipo` VALUES(272, '7313D', 'SEED-AS 1\r');
INSERT INTO `tbequipo` VALUES(273, '7488A', 'ESCUELA SECUNDARIA ESTATAL LIC. JESUS REYES HERO\r');
INSERT INTO `tbequipo` VALUES(274, '7974A', 'ESCUELA SECUNDARIA TECNICA NO. 53\r');
INSERT INTO `tbequipo` VALUES(275, '8397', 'Escuela Secundaria Tecnica 61\r');
INSERT INTO `tbequipo` VALUES(276, '8855', 'INT. DE EST. SUP. DE MONTERREY (CAMPUS SALTILLO)\r');
INSERT INTO `tbequipo` VALUES(277, '8855B', 'INT. DE EST. SUP. DE MONTERREY (CAMPUS SALTILLO)\r');
INSERT INTO `tbequipo` VALUES(278, '8855C', 'INT. DE EST. SUP. DE MONTERREY (CAMPUS SALTILLO)\r');
INSERT INTO `tbequipo` VALUES(279, '9060A', 'Centro de Iniciación a la Ciencia y Tecnología\r');
INSERT INTO `tbequipo` VALUES(280, '9727A', 'CBTIS 110\r');
INSERT INTO `tbequipo` VALUES(281, '9727B', 'CBTIS 110\r');
INSERT INTO `tbequipo` VALUES(282, '9727C', 'CBTIS 110\r');
INSERT INTO `tbequipo` VALUES(283, '605A', 'CECyTEH San Luis\r');
INSERT INTO `tbequipo` VALUES(284, '605B', 'CECyTEH San Luis\r');
INSERT INTO `tbequipo` VALUES(285, '605C', 'CECyTEH San Luis\r');
INSERT INTO `tbequipo` VALUES(286, '605D', 'CECyTEH San Luis\r');
INSERT INTO `tbequipo` VALUES(287, '605E', 'CECyTEH San Luis\r');
INSERT INTO `tbequipo` VALUES(288, '605F', 'CECyTEH San Luis\r');
INSERT INTO `tbequipo` VALUES(289, '605G', 'CECyTEH San Luis\r');
INSERT INTO `tbequipo` VALUES(290, '605H', 'CECyTEH San Luis\r');
INSERT INTO `tbequipo` VALUES(291, '8562A', 'Reeduca\r');
INSERT INTO `tbequipo` VALUES(292, '8562B', 'Reeduca\r');
INSERT INTO `tbequipo` VALUES(293, '8562C', 'Reeduca\r');
INSERT INTO `tbequipo` VALUES(294, '8562D', 'Reeduca\r');
INSERT INTO `tbequipo` VALUES(295, '8591A', 'Academia de Robótica del Estado de Aguascalientes\r');
INSERT INTO `tbequipo` VALUES(296, '8591B', 'Academia de Robótica del Estado de Aguascalientes\r');
INSERT INTO `tbequipo` VALUES(297, '8591C', 'Academia de Robótica del Estado de Aguascalientes\r');
INSERT INTO `tbequipo` VALUES(298, '8591D', 'Academia de Robótica del Estado de Aguascalientes\r');
INSERT INTO `tbequipo` VALUES(299, '8591E', 'Academia de Robótica del Estado de Aguascalientes\r');
INSERT INTO `tbequipo` VALUES(300, '8591F', 'Academia de Robótica del Estado de Aguascalientes\r');
INSERT INTO `tbequipo` VALUES(301, '8591G', 'Academia de Robótica del Estado de Aguascalientes\r');
INSERT INTO `tbequipo` VALUES(302, '8591H', 'Academia de Robótica del Estado de Aguascalientes\r');
INSERT INTO `tbequipo` VALUES(303, '8591J', 'Academia de Robótica del Estado de Aguascalientes\r');
INSERT INTO `tbequipo` VALUES(304, '8591K', 'Academia de Robótica del Estado de Aguascalientes\r');
INSERT INTO `tbequipo` VALUES(305, '8591M', 'Academia de Robótica del Estado de Aguascalientes\r');
INSERT INTO `tbequipo` VALUES(306, '8739B', 'ACADEMIA DE ROBOTICA DE LAGO DE MORENO\r');
INSERT INTO `tbequipo` VALUES(307, '8739F', 'ACADEMIA DE ROBOTICA DE LAGO DE MORENO\r');
INSERT INTO `tbequipo` VALUES(308, '99714', 'COBACH 28\r');
INSERT INTO `tbequipo` VALUES(309, '1119', 'Centro Escolar Yaocalli\r');
INSERT INTO `tbequipo` VALUES(310, '7018A', 'CBTIS No. 8\r');
INSERT INTO `tbequipo` VALUES(311, '98568', 'Academia de Robotica del Estado de Morelos\r');
INSERT INTO `tbequipo` VALUES(312, '98568B', 'Academia de Robotica del Estado de Morelos\r');
INSERT INTO `tbequipo` VALUES(313, '5482B', 'CECyTEH Plantel Huejutla\r');
INSERT INTO `tbequipo` VALUES(314, '7594', 'CECYTE Santa Ana de Allende\r');
INSERT INTO `tbequipo` VALUES(315, '7594B', 'CECYTE Santa Ana de Allende\r');
INSERT INTO `tbequipo` VALUES(316, '5350A', 'CECYTEH Plantel Ixmiquilpan\r');
INSERT INTO `tbequipo` VALUES(317, '5350B', 'CECYTEH Plantel Ixmiquilpan\r');
INSERT INTO `tbequipo` VALUES(318, '6359A', 'BEH Julian Villagran\r');
INSERT INTO `tbequipo` VALUES(319, '6359B', 'BEH Julian Villagran\r');
INSERT INTO `tbequipo` VALUES(320, '6643', 'CECYTE GANDHO\r');
INSERT INTO `tbequipo` VALUES(321, '6643B', 'CECYTE GANDHO\r');
INSERT INTO `tbequipo` VALUES(322, '6906B', 'COBAEH Plantel NOPALA\r');
INSERT INTO `tbequipo` VALUES(323, '7202', 'CETIS 91\r');
INSERT INTO `tbequipo` VALUES(324, '8353A', 'CECyTEH Plantel Santiago de Anaya\r');
INSERT INTO `tbequipo` VALUES(325, '8353B', 'CECyTEH Plantel Santiago de Anaya\r');
INSERT INTO `tbequipo` VALUES(326, '8353C', 'CECyTEH Plantel Santiago de Anaya\r');
INSERT INTO `tbequipo` VALUES(327, '9297A', 'CBTIS 200\r');
INSERT INTO `tbequipo` VALUES(328, 'TCAN1', 'Universidad Tecnológica de Cancún\r');
INSERT INTO `tbequipo` VALUES(329, 'TCAN2', 'Universidad Tecnológica de Cancún\r');
INSERT INTO `tbequipo` VALUES(330, 'TSEL1', 'Universidad Tecnológica de la Selva\r');
INSERT INTO `tbequipo` VALUES(331, 'TSEL2', 'Universidad Tecnológica de la Selva\r');
INSERT INTO `tbequipo` VALUES(332, 'TTBA1', 'Universidad Tecnológica de Tabasco\r');
INSERT INTO `tbequipo` VALUES(333, 'TTBA2', 'Universidad Tecnológica de Tabasco\r');
INSERT INTO `tbequipo` VALUES(334, 'UPGM2', 'Universidad Politécnica del Golfo de México\r');
INSERT INTO `tbequipo` VALUES(335, 'UPGM3', 'Universidad Politécnica del Golfo de México\r');
INSERT INTO `tbequipo` VALUES(336, 'UPTP1', 'Universidad Politécnica de Tapachula\r');
INSERT INTO `tbequipo` VALUES(337, 'UNACH1', 'Universidad Autonoma de Chiapas\r');
INSERT INTO `tbequipo` VALUES(338, 'UPGM1', 'Universidad Politécnica del Golfo de México\r');
INSERT INTO `tbequipo` VALUES(339, 'ITTU2', 'Instituto Tecnológico de Tuxtla\r');
INSERT INTO `tbequipo` VALUES(340, 'UNACH2', 'Universidad Autonoma de Chiapas\r');
INSERT INTO `tbequipo` VALUES(341, 'UNACH3', 'Universidad Autonoma de Chiapas\r');
INSERT INTO `tbequipo` VALUES(342, 'PCH1', 'Universidad Politécnica de Chiapas\r');
INSERT INTO `tbequipo` VALUES(343, 'THH1', 'Universidad Tecnológica de la Huasteca Hidalguense\r');
INSERT INTO `tbequipo` VALUES(344, 'TPZR1', 'Instituto Tecnológico Superior de Poza Rica\r');
INSERT INTO `tbequipo` VALUES(345, 'TTTP2', 'Universidad Tecnológica de Tula -Tepeji\r');
INSERT INTO `tbequipo` VALUES(346, 'UACH', 'Universidad Autonoma de Chiapas');
INSERT INTO `tbequipo` VALUES(347, 'UTEZ1', 'Universidad Tecnológica de Emiliano Zapata\r');
INSERT INTO `tbequipo` VALUES(348, 'UTEZ2', 'Universidad Tecnológica de Emiliano Zapata\r');
INSERT INTO `tbequipo` VALUES(349, 'VCAT', 'Vaugh College of Aeronautics & Technology\r');
INSERT INTO `tbequipo` VALUES(350, 'ITTU1', 'Instituto Tecnológico de Tuxtla\r');
INSERT INTO `tbequipo` VALUES(351, 'UPQR1', 'Universidad Politécncia de Quintana Roo\r');
INSERT INTO `tbequipo` VALUES(352, 'IESM', 'INT. DE EST. SUP. DE MONTERREY (CAMPUS SALTILLO)\r');
INSERT INTO `tbequipo` VALUES(353, 'PALT', 'UNIVERSIDAD POLITECNICA DE ALTAMIRA\r');
INSERT INTO `tbequipo` VALUES(354, 'TAL1', 'UNIVERSIDAD TECNOLOGICA DE ALTAMIRA\r');
INSERT INTO `tbequipo` VALUES(355, 'TAL2', 'UNIVERSIDAD TECNOLOGICA DE ALTAMIRA\r');
INSERT INTO `tbequipo` VALUES(356, 'TAL3', 'UNIVERSIDAD TECNOLOGICA DE ALTAMIRA\r');
INSERT INTO `tbequipo` VALUES(357, 'UN', 'UNIVERSIDAD DEL NORESTE\r');
INSERT INTO `tbequipo` VALUES(358, 'UTGZ1', 'Universidad Tecnologica de Gutierrez Zamora\r');
INSERT INTO `tbequipo` VALUES(359, 'ITESM2', 'INT. TEC. EST. SUP. MONTERREY (SALTILLO)\r');
INSERT INTO `tbequipo` VALUES(360, 'UTGZ2', 'Universidad Tecnologica de Gutierrez Zamora\r');
INSERT INTO `tbequipo` VALUES(361, 'UTGZ3', 'Universidad Tecnologica de Gutierrez Zamora\r');
INSERT INTO `tbequipo` VALUES(362, 'UTGZ4', 'Universidad Tecnologica de Gutierrez Zamora\r');
INSERT INTO `tbequipo` VALUES(363, 'TSM1', 'U. Tec. Del Sur Del Estado De Mexico\r');
INSERT INTO `tbequipo` VALUES(364, 'TSM2', 'UNIVERSIDAD TECNOLOGICA DEL SUR DEL ESTADO DE MEXICO\r');
INSERT INTO `tbequipo` VALUES(365, 'UPP1', 'Universidad Politécnica de Pachuca\r');
INSERT INTO `tbequipo` VALUES(366, 'UPP2', 'Universidad Politécnica de Pachuca\r');
INSERT INTO `tbequipo` VALUES(367, 'UPP3', 'Universidad Politécnica de Pachuca\r');
INSERT INTO `tbequipo` VALUES(368, 'UPTU', 'Universidad Politécnica de Tulancingo\r');
INSERT INTO `tbequipo` VALUES(369, 'UVAM1', 'Universidad Tecnológica de la Zona Metropolitana\r');
INSERT INTO `tbequipo` VALUES(370, 'ITP1', 'Instituto Tecnológico de Pachuca\r');
INSERT INTO `tbequipo` VALUES(371, 'UPTU1', 'Universidad Politécnica de Tulancingo\r');
INSERT INTO `tbequipo` VALUES(372, 'UPTU2', 'Universidad Politécnica de Tulancingo\r');
INSERT INTO `tbequipo` VALUES(373, 'ITSMT', 'INST. TECNOLOGICO SUPERIOR DE MARTINEZ DE LA TORRE\r');
INSERT INTO `tbequipo` VALUES(374, 'PVME1', 'U. Politecnica Del Valle De Mexico\r');
INSERT INTO `tbequipo` VALUES(375, 'PVME2', 'U. Politecnica Del Valle De Mexico\r');
INSERT INTO `tbequipo` VALUES(376, 'TCMG', 'UNIVERSIDAD TECNOLOGICA DE CAMARGO\r');
INSERT INTO `tbequipo` VALUES(377, 'TDUR1', 'UNIVERSIDAD TECNOLOGICA DE DURANGO\r');
INSERT INTO `tbequipo` VALUES(378, 'TDUR2', 'UNIVERSIDAD TECNOLOGICA DE DURANGO\r');
INSERT INTO `tbequipo` VALUES(379, 'TLE', 'Universidad Tecnológica de León\r');
INSERT INTO `tbequipo` VALUES(380, 'TLE1', 'Universidad Tecnológica de León\r');
INSERT INTO `tbequipo` VALUES(381, 'TMAT1', 'Universidad Tecnologica De Matamoros\r');
INSERT INTO `tbequipo` VALUES(382, 'TMAT2', 'Universidad Tecnologica De Matamoros\r');
INSERT INTO `tbequipo` VALUES(383, 'TTOR', 'UNIVERSIDAD TECNOLOGICA DE TORREON\r');
INSERT INTO `tbequipo` VALUES(384, 'TTTP1', 'UNIVERSIDAD TECNOLOGICA TULA-TEPEJI\r');
INSERT INTO `tbequipo` VALUES(385, 'TTTP3', 'UNIVERSIDAD TECNOLOGICA TULA-TEPEJI\r');
INSERT INTO `tbequipo` VALUES(386, 'UAEM', 'U. Autonoma Del Estado De Mexico\r');
INSERT INTO `tbequipo` VALUES(387, 'UPDU', 'Universidad Politecnica de DURANGO\r');
INSERT INTO `tbequipo` VALUES(388, 'UTCC1', 'Universidad Tecnologica del Coahuila\r');
INSERT INTO `tbequipo` VALUES(389, 'UTCH', 'Universidad Tecnológica de Chihuahua\r');
INSERT INTO `tbequipo` VALUES(390, 'UTDU', 'Universidad Tecnologica de Durango\r');
INSERT INTO `tbequipo` VALUES(391, 'UTEZ3', 'Universidad Tecnologica Emiliano Zapata\r');
INSERT INTO `tbequipo` VALUES(392, 'UTME1', 'Universidad Tecnologica Gral. Mariano Escobedo\r');
INSERT INTO `tbequipo` VALUES(393, 'UTNA1', 'U. TEC. Del Norte De Aguascalientes\r');
INSERT INTO `tbequipo` VALUES(394, 'UTNA2', 'U. TEC. Del Norte De Aguascalientes\r');
INSERT INTO `tbequipo` VALUES(395, 'UTRE', 'Universidad Tecnologica del Retoño\r');
INSERT INTO `tbequipo` VALUES(396, 'UTSA1', 'Universidad Tecnológica de Salamanca\r');
INSERT INTO `tbequipo` VALUES(397, 'UTSA2', 'Universidad Tecnológica de Salamanca\r');
INSERT INTO `tbequipo` VALUES(398, 'UVQU', 'Universidad Vasco de Quiroga\r');
INSERT INTO `tbequipo` VALUES(399, 'UVQU2', 'Universidad Vasco de Quiroga\r');
INSERT INTO `tbequipo` VALUES(400, 'TAGU1', 'Universidad Tecnologica de Aguascalientes\r');
INSERT INTO `tbequipo` VALUES(401, 'TAGU2', 'Universidad Tecnologica de Aguascalientes\r');
INSERT INTO `tbequipo` VALUES(402, 'TAL4', 'Universidad Tecnológica de Altamira\r');
INSERT INTO `tbequipo` VALUES(403, 'TCH1', 'UT Tula-Tepeji Unidad Académica Chapulhuacán\r');
INSERT INTO `tbequipo` VALUES(404, 'THH', 'UNIVERSIDAD TECNOLOGICA DE LA HUASTECA HIDALGUENSE\r');
INSERT INTO `tbequipo` VALUES(405, 'TSH1', 'UNIVERSIDAD TECNOLÓGICA DE LA SIERRA HIDALGUENSE\r');
INSERT INTO `tbequipo` VALUES(406, 'TSH2', 'UNIVERSIDAD TECNOLÓGICA DE LA SIERRA HIDALGUENSE\r');
INSERT INTO `tbequipo` VALUES(407, 'ITSH', 'Instituto Tecnológico Superior de Huichapan\r');
INSERT INTO `tbequipo` VALUES(408, 'UPFI1', 'Universidad Politécnica Francisco I. Madero\r');
INSERT INTO `tbequipo` VALUES(409, 'UPFI2', 'Universidad Politécnica Francisco I. Madero\r');
INSERT INTO `tbequipo` VALUES(410, 'UTVM', 'UNIVERSIDAD TECNOLOGICA DEL VALLE DEL MEZQUITAL\r');
INSERT INTO `tbequipo` VALUES(411, 'UTVM1', 'UNIVERSIDAD TECNOLOGICA DEL VALLE DEL MEZQUITAL\r');
INSERT INTO `tbequipo` VALUES(412, 'ITSH3', 'Instituto Tecnológico Superior de Huichapan\r');


CREATE TABLE IF NOT EXISTS `equipos_torneo` (
  `id_equipo` int(11) DEFAULT NULL,
  `id_torneo` int(11) DEFAULT NULL,
  KEY `id_equipo` (`id_equipo`),
  KEY `id_torneo` (`id_torneo`)
) ENGINE=InnoDB DEFAULT CHARSET=latin1;

--
-- Volcado de datos para la tabla `equipos_torneo`
--

INSERT INTO `equipos_torneo` VALUES(1, 5);
INSERT INTO `equipos_torneo` VALUES(2, 5);
INSERT INTO `equipos_torneo` VALUES(3, 5);
INSERT INTO `equipos_torneo` VALUES(4, 5);
INSERT INTO `equipos_torneo` VALUES(5, 5);
INSERT INTO `equipos_torneo` VALUES(6, 5);
INSERT INTO `equipos_torneo` VALUES(7, 5);
INSERT INTO `equipos_torneo` VALUES(8, 5);
INSERT INTO `equipos_torneo` VALUES(9, 5);
INSERT INTO `equipos_torneo` VALUES(10, 5);
INSERT INTO `equipos_torneo` VALUES(11, 6);
INSERT INTO `equipos_torneo` VALUES(12, 6);
INSERT INTO `equipos_torneo` VALUES(13, 6);
INSERT INTO `equipos_torneo` VALUES(14, 6);
INSERT INTO `equipos_torneo` VALUES(15, 6);
INSERT INTO `equipos_torneo` VALUES(16, 6);
INSERT INTO `equipos_torneo` VALUES(17, 6);
INSERT INTO `equipos_torneo` VALUES(18, 6);
INSERT INTO `equipos_torneo` VALUES(19, 6);
INSERT INTO `equipos_torneo` VALUES(20, 10);
INSERT INTO `equipos_torneo` VALUES(20, 16);
INSERT INTO `equipos_torneo` VALUES(21, 10);
INSERT INTO `equipos_torneo` VALUES(21, 16);
INSERT INTO `equipos_torneo` VALUES(22, 10);
INSERT INTO `equipos_torneo` VALUES(22, 16);
INSERT INTO `equipos_torneo` VALUES(23, 10);
INSERT INTO `equipos_torneo` VALUES(23, 16);
INSERT INTO `equipos_torneo` VALUES(24, 10);
INSERT INTO `equipos_torneo` VALUES(24, 16);
INSERT INTO `equipos_torneo` VALUES(25, 10);
INSERT INTO `equipos_torneo` VALUES(25, 16);
INSERT INTO `equipos_torneo` VALUES(26, 10);
INSERT INTO `equipos_torneo` VALUES(26, 16);
INSERT INTO `equipos_torneo` VALUES(27, 10);
INSERT INTO `equipos_torneo` VALUES(27, 16);
INSERT INTO `equipos_torneo` VALUES(28, 10);
INSERT INTO `equipos_torneo` VALUES(28, 16);
INSERT INTO `equipos_torneo` VALUES(29, 10);
INSERT INTO `equipos_torneo` VALUES(29, 16);
INSERT INTO `equipos_torneo` VALUES(30, 10);
INSERT INTO `equipos_torneo` VALUES(30, 16);
INSERT INTO `equipos_torneo` VALUES(31, 10);
INSERT INTO `equipos_torneo` VALUES(31, 16);
INSERT INTO `equipos_torneo` VALUES(32, 10);
INSERT INTO `equipos_torneo` VALUES(32, 16);
INSERT INTO `equipos_torneo` VALUES(33, 10);
INSERT INTO `equipos_torneo` VALUES(33, 16);
INSERT INTO `equipos_torneo` VALUES(34, 14);
INSERT INTO `equipos_torneo` VALUES(34, 28);
INSERT INTO `equipos_torneo` VALUES(35, 14);
INSERT INTO `equipos_torneo` VALUES(36, 14);
INSERT INTO `equipos_torneo` VALUES(37, 14);
INSERT INTO `equipos_torneo` VALUES(38, 14);
INSERT INTO `equipos_torneo` VALUES(39, 14);
INSERT INTO `equipos_torneo` VALUES(40, 14);
INSERT INTO `equipos_torneo` VALUES(41, 14);
INSERT INTO `equipos_torneo` VALUES(42, 14);
INSERT INTO `equipos_torneo` VALUES(43, 14);
INSERT INTO `equipos_torneo` VALUES(44, 14);
INSERT INTO `equipos_torneo` VALUES(45, 14);
INSERT INTO `equipos_torneo` VALUES(46, 14);
INSERT INTO `equipos_torneo` VALUES(47, 14);
INSERT INTO `equipos_torneo` VALUES(48, 14);
INSERT INTO `equipos_torneo` VALUES(49, 14);
INSERT INTO `equipos_torneo` VALUES(49, 28);
INSERT INTO `equipos_torneo` VALUES(50, 16);
INSERT INTO `equipos_torneo` VALUES(51, 16);
INSERT INTO `equipos_torneo` VALUES(52, 16);
INSERT INTO `equipos_torneo` VALUES(53, 16);
INSERT INTO `equipos_torneo` VALUES(54, 16);
INSERT INTO `equipos_torneo` VALUES(55, 16);
INSERT INTO `equipos_torneo` VALUES(56, 16);
INSERT INTO `equipos_torneo` VALUES(57, 16);
INSERT INTO `equipos_torneo` VALUES(58, 16);
INSERT INTO `equipos_torneo` VALUES(59, 16);
INSERT INTO `equipos_torneo` VALUES(60, 16);
INSERT INTO `equipos_torneo` VALUES(61, 16);
INSERT INTO `equipos_torneo` VALUES(62, 16);
INSERT INTO `equipos_torneo` VALUES(63, 16);
INSERT INTO `equipos_torneo` VALUES(64, 16);
INSERT INTO `equipos_torneo` VALUES(65, 16);
INSERT INTO `equipos_torneo` VALUES(66, 16);
INSERT INTO `equipos_torneo` VALUES(67, 16);
INSERT INTO `equipos_torneo` VALUES(68, 16);
INSERT INTO `equipos_torneo` VALUES(69, 16);
INSERT INTO `equipos_torneo` VALUES(70, 16);
INSERT INTO `equipos_torneo` VALUES(71, 16);
INSERT INTO `equipos_torneo` VALUES(72, 28);
INSERT INTO `equipos_torneo` VALUES(73, 28);
INSERT INTO `equipos_torneo` VALUES(74, 28);
INSERT INTO `equipos_torneo` VALUES(75, 28);
INSERT INTO `equipos_torneo` VALUES(76, 28);
INSERT INTO `equipos_torneo` VALUES(77, 28);
INSERT INTO `equipos_torneo` VALUES(78, 28);
INSERT INTO `equipos_torneo` VALUES(79, 28);
INSERT INTO `equipos_torneo` VALUES(80, 28);
INSERT INTO `equipos_torneo` VALUES(81, 28);
INSERT INTO `equipos_torneo` VALUES(82, 28);
INSERT INTO `equipos_torneo` VALUES(83, 28);
INSERT INTO `equipos_torneo` VALUES(84, 28);
INSERT INTO `equipos_torneo` VALUES(85, 28);
INSERT INTO `equipos_torneo` VALUES(86, 28);
INSERT INTO `equipos_torneo` VALUES(87, 28);
INSERT INTO `equipos_torneo` VALUES(88, 28);
INSERT INTO `equipos_torneo` VALUES(89, 28);
INSERT INTO `equipos_torneo` VALUES(90, 28);
INSERT INTO `equipos_torneo` VALUES(91, 28);
INSERT INTO `equipos_torneo` VALUES(92, 28);
INSERT INTO `equipos_torneo` VALUES(93, 28);
INSERT INTO `equipos_torneo` VALUES(94, 28);
INSERT INTO `equipos_torneo` VALUES(95, 28);
INSERT INTO `equipos_torneo` VALUES(96, 28);
INSERT INTO `equipos_torneo` VALUES(97, 28);
INSERT INTO `equipos_torneo` VALUES(98, 28);
INSERT INTO `equipos_torneo` VALUES(99, 28);
INSERT INTO `equipos_torneo` VALUES(100, 28);
INSERT INTO `equipos_torneo` VALUES(101, 9);
INSERT INTO `equipos_torneo` VALUES(101, 20);
INSERT INTO `equipos_torneo` VALUES(102, 9);
INSERT INTO `equipos_torneo` VALUES(102, 17);
INSERT INTO `equipos_torneo` VALUES(102, 20);
INSERT INTO `equipos_torneo` VALUES(103, 9);
INSERT INTO `equipos_torneo` VALUES(103, 17);
INSERT INTO `equipos_torneo` VALUES(103, 20);
INSERT INTO `equipos_torneo` VALUES(104, 9);
INSERT INTO `equipos_torneo` VALUES(104, 17);
INSERT INTO `equipos_torneo` VALUES(104, 20);
INSERT INTO `equipos_torneo` VALUES(105, 9);
INSERT INTO `equipos_torneo` VALUES(105, 20);
INSERT INTO `equipos_torneo` VALUES(106, 9);
INSERT INTO `equipos_torneo` VALUES(106, 20);
INSERT INTO `equipos_torneo` VALUES(107, 9);
INSERT INTO `equipos_torneo` VALUES(107, 17);
INSERT INTO `equipos_torneo` VALUES(107, 20);
INSERT INTO `equipos_torneo` VALUES(108, 9);
INSERT INTO `equipos_torneo` VALUES(108, 17);
INSERT INTO `equipos_torneo` VALUES(108, 20);
INSERT INTO `equipos_torneo` VALUES(109, 9);
INSERT INTO `equipos_torneo` VALUES(109, 17);
INSERT INTO `equipos_torneo` VALUES(109, 20);
INSERT INTO `equipos_torneo` VALUES(110, 9);
INSERT INTO `equipos_torneo` VALUES(110, 17);
INSERT INTO `equipos_torneo` VALUES(110, 20);
INSERT INTO `equipos_torneo` VALUES(111, 9);
INSERT INTO `equipos_torneo` VALUES(111, 17);
INSERT INTO `equipos_torneo` VALUES(111, 20);
INSERT INTO `equipos_torneo` VALUES(112, 9);
INSERT INTO `equipos_torneo` VALUES(112, 17);
INSERT INTO `equipos_torneo` VALUES(112, 20);
INSERT INTO `equipos_torneo` VALUES(113, 9);
INSERT INTO `equipos_torneo` VALUES(113, 17);
INSERT INTO `equipos_torneo` VALUES(113, 20);
INSERT INTO `equipos_torneo` VALUES(114, 9);
INSERT INTO `equipos_torneo` VALUES(114, 17);
INSERT INTO `equipos_torneo` VALUES(114, 20);
INSERT INTO `equipos_torneo` VALUES(115, 9);
INSERT INTO `equipos_torneo` VALUES(115, 17);
INSERT INTO `equipos_torneo` VALUES(115, 20);
INSERT INTO `equipos_torneo` VALUES(116, 9);
INSERT INTO `equipos_torneo` VALUES(116, 17);
INSERT INTO `equipos_torneo` VALUES(116, 20);
INSERT INTO `equipos_torneo` VALUES(117, 9);
INSERT INTO `equipos_torneo` VALUES(117, 17);
INSERT INTO `equipos_torneo` VALUES(117, 20);
INSERT INTO `equipos_torneo` VALUES(118, 9);
INSERT INTO `equipos_torneo` VALUES(118, 17);
INSERT INTO `equipos_torneo` VALUES(118, 20);
INSERT INTO `equipos_torneo` VALUES(119, 9);
INSERT INTO `equipos_torneo` VALUES(119, 17);
INSERT INTO `equipos_torneo` VALUES(120, 9);
INSERT INTO `equipos_torneo` VALUES(120, 17);
INSERT INTO `equipos_torneo` VALUES(120, 20);
INSERT INTO `equipos_torneo` VALUES(121, 9);
INSERT INTO `equipos_torneo` VALUES(121, 17);
INSERT INTO `equipos_torneo` VALUES(121, 20);
INSERT INTO `equipos_torneo` VALUES(122, 9);
INSERT INTO `equipos_torneo` VALUES(123, 10);
INSERT INTO `equipos_torneo` VALUES(124, 10);
INSERT INTO `equipos_torneo` VALUES(125, 10);
INSERT INTO `equipos_torneo` VALUES(126, 10);
INSERT INTO `equipos_torneo` VALUES(127, 10);
INSERT INTO `equipos_torneo` VALUES(128, 10);
INSERT INTO `equipos_torneo` VALUES(129, 10);
INSERT INTO `equipos_torneo` VALUES(130, 10);
INSERT INTO `equipos_torneo` VALUES(131, 10);
INSERT INTO `equipos_torneo` VALUES(132, 10);
INSERT INTO `equipos_torneo` VALUES(133, 10);
INSERT INTO `equipos_torneo` VALUES(134, 10);
INSERT INTO `equipos_torneo` VALUES(135, 10);
INSERT INTO `equipos_torneo` VALUES(136, 10);
INSERT INTO `equipos_torneo` VALUES(137, 10);
INSERT INTO `equipos_torneo` VALUES(138, 10);
INSERT INTO `equipos_torneo` VALUES(139, 10);
INSERT INTO `equipos_torneo` VALUES(140, 10);
INSERT INTO `equipos_torneo` VALUES(141, 10);
INSERT INTO `equipos_torneo` VALUES(142, 10);
INSERT INTO `equipos_torneo` VALUES(143, 10);
INSERT INTO `equipos_torneo` VALUES(144, 10);
INSERT INTO `equipos_torneo` VALUES(145, 10);
INSERT INTO `equipos_torneo` VALUES(146, 15);
INSERT INTO `equipos_torneo` VALUES(146, 29);
INSERT INTO `equipos_torneo` VALUES(147, 15);
INSERT INTO `equipos_torneo` VALUES(147, 29);
INSERT INTO `equipos_torneo` VALUES(148, 15);
INSERT INTO `equipos_torneo` VALUES(147, 29);
INSERT INTO `equipos_torneo` VALUES(149, 15);
INSERT INTO `equipos_torneo` VALUES(149, 29);
INSERT INTO `equipos_torneo` VALUES(150, 15);
INSERT INTO `equipos_torneo` VALUES(150, 29);
INSERT INTO `equipos_torneo` VALUES(151, 15);
INSERT INTO `equipos_torneo` VALUES(151, 29);
INSERT INTO `equipos_torneo` VALUES(152, 15);
INSERT INTO `equipos_torneo` VALUES(152, 29);
INSERT INTO `equipos_torneo` VALUES(153, 15);
INSERT INTO `equipos_torneo` VALUES(153, 29);
INSERT INTO `equipos_torneo` VALUES(154, 15);
INSERT INTO `equipos_torneo` VALUES(154, 29);
INSERT INTO `equipos_torneo` VALUES(155, 15);
INSERT INTO `equipos_torneo` VALUES(155, 29);
INSERT INTO `equipos_torneo` VALUES(156, 15);
INSERT INTO `equipos_torneo` VALUES(156, 29);
INSERT INTO `equipos_torneo` VALUES(157, 15);
INSERT INTO `equipos_torneo` VALUES(157, 29);
INSERT INTO `equipos_torneo` VALUES(158, 15);
INSERT INTO `equipos_torneo` VALUES(158, 29);
INSERT INTO `equipos_torneo` VALUES(159, 15);
INSERT INTO `equipos_torneo` VALUES(159, 29);
INSERT INTO `equipos_torneo` VALUES(160, 15);
INSERT INTO `equipos_torneo` VALUES(160, 29);
INSERT INTO `equipos_torneo` VALUES(161, 17);
INSERT INTO `equipos_torneo` VALUES(161, 20);
INSERT INTO `equipos_torneo` VALUES(162, 17);
INSERT INTO `equipos_torneo` VALUES(163, 17);
INSERT INTO `equipos_torneo` VALUES(164, 17);
INSERT INTO `equipos_torneo` VALUES(164, 1);
INSERT INTO `equipos_torneo` VALUES(164, 3);
INSERT INTO `equipos_torneo` VALUES(165, 29);
INSERT INTO `equipos_torneo` VALUES(166, 29);
INSERT INTO `equipos_torneo` VALUES(167, 29);
INSERT INTO `equipos_torneo` VALUES(168, 29);
INSERT INTO `equipos_torneo` VALUES(169, 29);
INSERT INTO `equipos_torneo` VALUES(170, 29);
INSERT INTO `equipos_torneo` VALUES(171, 1);
INSERT INTO `equipos_torneo` VALUES(171, 3);
INSERT INTO `equipos_torneo` VALUES(172, 1);
INSERT INTO `equipos_torneo` VALUES(172, 3);
INSERT INTO `equipos_torneo` VALUES(173, 1);
INSERT INTO `equipos_torneo` VALUES(174, 1);
INSERT INTO `equipos_torneo` VALUES(175, 1);
INSERT INTO `equipos_torneo` VALUES(176, 1);
INSERT INTO `equipos_torneo` VALUES(177, 1);
INSERT INTO `equipos_torneo` VALUES(178, 1);
INSERT INTO `equipos_torneo` VALUES(179, 1);
INSERT INTO `equipos_torneo` VALUES(179, 3);
INSERT INTO `equipos_torneo` VALUES(180, 1);
INSERT INTO `equipos_torneo` VALUES(181, 1);
INSERT INTO `equipos_torneo` VALUES(181, 3);
INSERT INTO `equipos_torneo` VALUES(182, 1);
INSERT INTO `equipos_torneo` VALUES(182, 3);
INSERT INTO `equipos_torneo` VALUES(183, 1);
INSERT INTO `equipos_torneo` VALUES(183, 3);
INSERT INTO `equipos_torneo` VALUES(184, 1);
INSERT INTO `equipos_torneo` VALUES(185, 1);
INSERT INTO `equipos_torneo` VALUES(185, 3);
INSERT INTO `equipos_torneo` VALUES(186, 1);
INSERT INTO `equipos_torneo` VALUES(186, 3);
INSERT INTO `equipos_torneo` VALUES(187, 1);
INSERT INTO `equipos_torneo` VALUES(188, 1);
INSERT INTO `equipos_torneo` VALUES(188, 18);
INSERT INTO `equipos_torneo` VALUES(189, 1);
INSERT INTO `equipos_torneo` VALUES(189, 18);
INSERT INTO `equipos_torneo` VALUES(190, 1);
INSERT INTO `equipos_torneo` VALUES(191, 1);
INSERT INTO `equipos_torneo` VALUES(191, 3);
INSERT INTO `equipos_torneo` VALUES(192, 1);
INSERT INTO `equipos_torneo` VALUES(192, 3);
INSERT INTO `equipos_torneo` VALUES(193, 1);
INSERT INTO `equipos_torneo` VALUES(193, 3);
INSERT INTO `equipos_torneo` VALUES(194, 1);
INSERT INTO `equipos_torneo` VALUES(194, 3);
INSERT INTO `equipos_torneo` VALUES(195, 1);
INSERT INTO `equipos_torneo` VALUES(195, 3);
INSERT INTO `equipos_torneo` VALUES(196, 1);
INSERT INTO `equipos_torneo` VALUES(196, 3);
INSERT INTO `equipos_torneo` VALUES(197, 3);
INSERT INTO `equipos_torneo` VALUES(198, 3);
INSERT INTO `equipos_torneo` VALUES(198, 18);
INSERT INTO `equipos_torneo` VALUES(199, 3);
INSERT INTO `equipos_torneo` VALUES(199, 18);
INSERT INTO `equipos_torneo` VALUES(200, 3);
INSERT INTO `equipos_torneo` VALUES(200, 18);
INSERT INTO `equipos_torneo` VALUES(201, 3);
INSERT INTO `equipos_torneo` VALUES(201, 18);
INSERT INTO `equipos_torneo` VALUES(202, 3);
INSERT INTO `equipos_torneo` VALUES(202, 18);
INSERT INTO `equipos_torneo` VALUES(203, 3);
INSERT INTO `equipos_torneo` VALUES(203, 18);
INSERT INTO `equipos_torneo` VALUES(204, 3);
INSERT INTO `equipos_torneo` VALUES(205, 7);
INSERT INTO `equipos_torneo` VALUES(206, 7);
INSERT INTO `equipos_torneo` VALUES(207, 7);
INSERT INTO `equipos_torneo` VALUES(208, 7);
INSERT INTO `equipos_torneo` VALUES(209, 7);
INSERT INTO `equipos_torneo` VALUES(210, 7);
INSERT INTO `equipos_torneo` VALUES(211, 11);
INSERT INTO `equipos_torneo` VALUES(211, 22);
INSERT INTO `equipos_torneo` VALUES(212, 11);
INSERT INTO `equipos_torneo` VALUES(212, 22);
INSERT INTO `equipos_torneo` VALUES(213, 11);
INSERT INTO `equipos_torneo` VALUES(213, 13);
INSERT INTO `equipos_torneo` VALUES(213, 22);
INSERT INTO `equipos_torneo` VALUES(213, 24);
INSERT INTO `equipos_torneo` VALUES(213, 23);
INSERT INTO `equipos_torneo` VALUES(214, 11);
INSERT INTO `equipos_torneo` VALUES(214, 13);
INSERT INTO `equipos_torneo` VALUES(214, 22);
INSERT INTO `equipos_torneo` VALUES(214, 24);
INSERT INTO `equipos_torneo` VALUES(214, 23);
INSERT INTO `equipos_torneo` VALUES(215, 11);
INSERT INTO `equipos_torneo` VALUES(215, 22);
INSERT INTO `equipos_torneo` VALUES(216, 11);
INSERT INTO `equipos_torneo` VALUES(216, 22);
INSERT INTO `equipos_torneo` VALUES(217, 11);
INSERT INTO `equipos_torneo` VALUES(217, 22);
INSERT INTO `equipos_torneo` VALUES(218, 11);
INSERT INTO `equipos_torneo` VALUES(218, 22);
INSERT INTO `equipos_torneo` VALUES(219, 11);
INSERT INTO `equipos_torneo` VALUES(219, 22);
INSERT INTO `equipos_torneo` VALUES(220, 11);
INSERT INTO `equipos_torneo` VALUES(220, 22);
INSERT INTO `equipos_torneo` VALUES(221, 11);
INSERT INTO `equipos_torneo` VALUES(221, 22);
INSERT INTO `equipos_torneo` VALUES(221, 23);
INSERT INTO `equipos_torneo` VALUES(222, 11);
INSERT INTO `equipos_torneo` VALUES(222, 22);
INSERT INTO `equipos_torneo` VALUES(222, 23);
INSERT INTO `equipos_torneo` VALUES(223, 11);
INSERT INTO `equipos_torneo` VALUES(223, 13);
INSERT INTO `equipos_torneo` VALUES(223, 22);
INSERT INTO `equipos_torneo` VALUES(224, 11);
INSERT INTO `equipos_torneo` VALUES(224, 13);
INSERT INTO `equipos_torneo` VALUES(224, 22);
INSERT INTO `equipos_torneo` VALUES(224, 24);
INSERT INTO `equipos_torneo` VALUES(225, 11);
INSERT INTO `equipos_torneo` VALUES(225, 22);
INSERT INTO `equipos_torneo` VALUES(225, 23);
INSERT INTO `equipos_torneo` VALUES(226, 11);
INSERT INTO `equipos_torneo` VALUES(226, 22);
INSERT INTO `equipos_torneo` VALUES(226, 24);
INSERT INTO `equipos_torneo` VALUES(226, 23);
INSERT INTO `equipos_torneo` VALUES(227, 11);
INSERT INTO `equipos_torneo` VALUES(227, 13);
INSERT INTO `equipos_torneo` VALUES(227, 22);
INSERT INTO `equipos_torneo` VALUES(228, 11);
INSERT INTO `equipos_torneo` VALUES(228, 13);
INSERT INTO `equipos_torneo` VALUES(228, 22);
INSERT INTO `equipos_torneo` VALUES(229, 11);
INSERT INTO `equipos_torneo` VALUES(229, 22);
INSERT INTO `equipos_torneo` VALUES(230, 11);
INSERT INTO `equipos_torneo` VALUES(230, 22);
INSERT INTO `equipos_torneo` VALUES(231, 11);
INSERT INTO `equipos_torneo` VALUES(231, 22);
INSERT INTO `equipos_torneo` VALUES(232, 11);
INSERT INTO `equipos_torneo` VALUES(232, 22);
INSERT INTO `equipos_torneo` VALUES(233, 11);
INSERT INTO `equipos_torneo` VALUES(233, 13);
INSERT INTO `equipos_torneo` VALUES(233, 22);
INSERT INTO `equipos_torneo` VALUES(234, 11);
INSERT INTO `equipos_torneo` VALUES(234, 13);
INSERT INTO `equipos_torneo` VALUES(234, 22);
INSERT INTO `equipos_torneo` VALUES(235, 11);
INSERT INTO `equipos_torneo` VALUES(235, 22);
INSERT INTO `equipos_torneo` VALUES(236, 11);
INSERT INTO `equipos_torneo` VALUES(236, 22);
INSERT INTO `equipos_torneo` VALUES(237, 11);
INSERT INTO `equipos_torneo` VALUES(237, 22);
INSERT INTO `equipos_torneo` VALUES(238, 11);
INSERT INTO `equipos_torneo` VALUES(238, 22);
INSERT INTO `equipos_torneo` VALUES(239, 11);
INSERT INTO `equipos_torneo` VALUES(239, 13);
INSERT INTO `equipos_torneo` VALUES(239, 22);
INSERT INTO `equipos_torneo` VALUES(239, 23);
INSERT INTO `equipos_torneo` VALUES(240, 11);
INSERT INTO `equipos_torneo` VALUES(240, 22);
INSERT INTO `equipos_torneo` VALUES(240, 23);
INSERT INTO `equipos_torneo` VALUES(241, 11);
INSERT INTO `equipos_torneo` VALUES(241, 22);
INSERT INTO `equipos_torneo` VALUES(242, 11);
INSERT INTO `equipos_torneo` VALUES(242, 22);
INSERT INTO `equipos_torneo` VALUES(243, 11);
INSERT INTO `equipos_torneo` VALUES(243, 13);
INSERT INTO `equipos_torneo` VALUES(243, 22);
INSERT INTO `equipos_torneo` VALUES(243, 24);
INSERT INTO `equipos_torneo` VALUES(243, 23);
INSERT INTO `equipos_torneo` VALUES(244, 11);
INSERT INTO `equipos_torneo` VALUES(244, 13);
INSERT INTO `equipos_torneo` VALUES(244, 22);
INSERT INTO `equipos_torneo` VALUES(244, 24);
INSERT INTO `equipos_torneo` VALUES(244, 23);
INSERT INTO `equipos_torneo` VALUES(245, 13);
INSERT INTO `equipos_torneo` VALUES(245, 24);
INSERT INTO `equipos_torneo` VALUES(245, 23);
INSERT INTO `equipos_torneo` VALUES(246, 13);
INSERT INTO `equipos_torneo` VALUES(247, 13);
INSERT INTO `equipos_torneo` VALUES(247, 24);
INSERT INTO `equipos_torneo` VALUES(247, 23);
INSERT INTO `equipos_torneo` VALUES(248, 15);
INSERT INTO `equipos_torneo` VALUES(249, 15);
INSERT INTO `equipos_torneo` VALUES(250, 15);
INSERT INTO `equipos_torneo` VALUES(250, 21);
INSERT INTO `equipos_torneo` VALUES(251, 15);
INSERT INTO `equipos_torneo` VALUES(252, 15);
INSERT INTO `equipos_torneo` VALUES(253, 18);
INSERT INTO `equipos_torneo` VALUES(254, 18);
INSERT INTO `equipos_torneo` VALUES(255, 18);
INSERT INTO `equipos_torneo` VALUES(256, 18);
INSERT INTO `equipos_torneo` VALUES(257, 18);
INSERT INTO `equipos_torneo` VALUES(258, 18);
INSERT INTO `equipos_torneo` VALUES(259, 18);
INSERT INTO `equipos_torneo` VALUES(260, 18);
INSERT INTO `equipos_torneo` VALUES(261, 18);
INSERT INTO `equipos_torneo` VALUES(262, 18);
INSERT INTO `equipos_torneo` VALUES(263, 18);
INSERT INTO `equipos_torneo` VALUES(264, 18);
INSERT INTO `equipos_torneo` VALUES(265, 18);
INSERT INTO `equipos_torneo` VALUES(266, 18);
INSERT INTO `equipos_torneo` VALUES(267, 18);
INSERT INTO `equipos_torneo` VALUES(268, 18);
INSERT INTO `equipos_torneo` VALUES(269, 18);
INSERT INTO `equipos_torneo` VALUES(270, 18);
INSERT INTO `equipos_torneo` VALUES(271, 18);
INSERT INTO `equipos_torneo` VALUES(272, 18);
INSERT INTO `equipos_torneo` VALUES(273, 18);
INSERT INTO `equipos_torneo` VALUES(274, 18);
INSERT INTO `equipos_torneo` VALUES(275, 18);
INSERT INTO `equipos_torneo` VALUES(276, 18);
INSERT INTO `equipos_torneo` VALUES(277, 18);
INSERT INTO `equipos_torneo` VALUES(278, 18);
INSERT INTO `equipos_torneo` VALUES(279, 18);
INSERT INTO `equipos_torneo` VALUES(280, 18);
INSERT INTO `equipos_torneo` VALUES(280, 21);
INSERT INTO `equipos_torneo` VALUES(281, 18);
INSERT INTO `equipos_torneo` VALUES(281, 21);
INSERT INTO `equipos_torneo` VALUES(282, 18);
INSERT INTO `equipos_torneo` VALUES(282, 21);
INSERT INTO `equipos_torneo` VALUES(283, 21);
INSERT INTO `equipos_torneo` VALUES(284, 21);
INSERT INTO `equipos_torneo` VALUES(285, 21);
INSERT INTO `equipos_torneo` VALUES(286, 21);
INSERT INTO `equipos_torneo` VALUES(287, 21);
INSERT INTO `equipos_torneo` VALUES(288, 21);
INSERT INTO `equipos_torneo` VALUES(289, 21);
INSERT INTO `equipos_torneo` VALUES(290, 21);
INSERT INTO `equipos_torneo` VALUES(291, 21);
INSERT INTO `equipos_torneo` VALUES(292, 21);
INSERT INTO `equipos_torneo` VALUES(293, 21);
INSERT INTO `equipos_torneo` VALUES(294, 21);
INSERT INTO `equipos_torneo` VALUES(295, 21);
INSERT INTO `equipos_torneo` VALUES(296, 21);
INSERT INTO `equipos_torneo` VALUES(297, 21);
INSERT INTO `equipos_torneo` VALUES(298, 21);
INSERT INTO `equipos_torneo` VALUES(299, 21);
INSERT INTO `equipos_torneo` VALUES(300, 21);
INSERT INTO `equipos_torneo` VALUES(301, 21);
INSERT INTO `equipos_torneo` VALUES(302, 21);
INSERT INTO `equipos_torneo` VALUES(303, 21);
INSERT INTO `equipos_torneo` VALUES(304, 21);
INSERT INTO `equipos_torneo` VALUES(305, 21);
INSERT INTO `equipos_torneo` VALUES(306, 21);
INSERT INTO `equipos_torneo` VALUES(307, 21);
INSERT INTO `equipos_torneo` VALUES(308, 21);
INSERT INTO `equipos_torneo` VALUES(309, 22);
INSERT INTO `equipos_torneo` VALUES(310, 22);
INSERT INTO `equipos_torneo` VALUES(311, 22);
INSERT INTO `equipos_torneo` VALUES(312, 22);
INSERT INTO `equipos_torneo` VALUES(313, 24);
INSERT INTO `equipos_torneo` VALUES(313, 23);
INSERT INTO `equipos_torneo` VALUES(314, 24);
INSERT INTO `equipos_torneo` VALUES(314, 23);
INSERT INTO `equipos_torneo` VALUES(315, 24);
INSERT INTO `equipos_torneo` VALUES(315, 23);
INSERT INTO `equipos_torneo` VALUES(316, 23);
INSERT INTO `equipos_torneo` VALUES(317, 23);
INSERT INTO `equipos_torneo` VALUES(318, 23);
INSERT INTO `equipos_torneo` VALUES(319, 23);
INSERT INTO `equipos_torneo` VALUES(320, 23);
INSERT INTO `equipos_torneo` VALUES(321, 23);
INSERT INTO `equipos_torneo` VALUES(322, 23);
INSERT INTO `equipos_torneo` VALUES(323, 23);
INSERT INTO `equipos_torneo` VALUES(324, 23);
INSERT INTO `equipos_torneo` VALUES(325, 23);
INSERT INTO `equipos_torneo` VALUES(326, 23);
INSERT INTO `equipos_torneo` VALUES(327, 23);
INSERT INTO `equipos_torneo` VALUES(328, 2);
INSERT INTO `equipos_torneo` VALUES(328, 4);
INSERT INTO `equipos_torneo` VALUES(329, 2);
INSERT INTO `equipos_torneo` VALUES(330, 2);
INSERT INTO `equipos_torneo` VALUES(330, 4);
INSERT INTO `equipos_torneo` VALUES(331, 2);
INSERT INTO `equipos_torneo` VALUES(331, 4);
INSERT INTO `equipos_torneo` VALUES(332, 2);
INSERT INTO `equipos_torneo` VALUES(332, 4);
INSERT INTO `equipos_torneo` VALUES(333, 2);
INSERT INTO `equipos_torneo` VALUES(333, 4);
INSERT INTO `equipos_torneo` VALUES(334, 2);
INSERT INTO `equipos_torneo` VALUES(335, 2);
INSERT INTO `equipos_torneo` VALUES(336, 2);
INSERT INTO `equipos_torneo` VALUES(336, 4);
INSERT INTO `equipos_torneo` VALUES(337, 2);
INSERT INTO `equipos_torneo` VALUES(338, 2);
INSERT INTO `equipos_torneo` VALUES(338, 4);
INSERT INTO `equipos_torneo` VALUES(339, 2);
INSERT INTO `equipos_torneo` VALUES(340, 2);
INSERT INTO `equipos_torneo` VALUES(341, 2);
INSERT INTO `equipos_torneo` VALUES(342, 4);
INSERT INTO `equipos_torneo` VALUES(343, 4);
INSERT INTO `equipos_torneo` VALUES(343, 26);
INSERT INTO `equipos_torneo` VALUES(344, 4);
INSERT INTO `equipos_torneo` VALUES(344, 8);
INSERT INTO `equipos_torneo` VALUES(345, 4);
INSERT INTO `equipos_torneo` VALUES(345, 19);
INSERT INTO `equipos_torneo` VALUES(345, 26);
INSERT INTO `equipos_torneo` VALUES(346, 4);
INSERT INTO `equipos_torneo` VALUES(346, 27);
INSERT INTO `equipos_torneo` VALUES(347, 4);
INSERT INTO `equipos_torneo` VALUES(348, 4);
INSERT INTO `equipos_torneo` VALUES(348, 19);
INSERT INTO `equipos_torneo` VALUES(349, 4);
INSERT INTO `equipos_torneo` VALUES(350, 4);
INSERT INTO `equipos_torneo` VALUES(351, 4);
INSERT INTO `equipos_torneo` VALUES(352, 8);
INSERT INTO `equipos_torneo` VALUES(352, 19);
INSERT INTO `equipos_torneo` VALUES(353, 8);
INSERT INTO `equipos_torneo` VALUES(354, 8);
INSERT INTO `equipos_torneo` VALUES(354, 19);
INSERT INTO `equipos_torneo` VALUES(355, 8);
INSERT INTO `equipos_torneo` VALUES(355, 19);
INSERT INTO `equipos_torneo` VALUES(356, 8);
INSERT INTO `equipos_torneo` VALUES(356, 19);
INSERT INTO `equipos_torneo` VALUES(357, 8);
INSERT INTO `equipos_torneo` VALUES(358, 8);
INSERT INTO `equipos_torneo` VALUES(358, 19);
INSERT INTO `equipos_torneo` VALUES(359, 8);
INSERT INTO `equipos_torneo` VALUES(359, 19);
INSERT INTO `equipos_torneo` VALUES(360, 8);
INSERT INTO `equipos_torneo` VALUES(360, 19);
INSERT INTO `equipos_torneo` VALUES(361, 8);
INSERT INTO `equipos_torneo` VALUES(361, 19);
INSERT INTO `equipos_torneo` VALUES(362, 8);
INSERT INTO `equipos_torneo` VALUES(362, 19);
INSERT INTO `equipos_torneo` VALUES(363, 12);
INSERT INTO `equipos_torneo` VALUES(363, 19);
INSERT INTO `equipos_torneo` VALUES(363, 25);
INSERT INTO `equipos_torneo` VALUES(364, 12);
INSERT INTO `equipos_torneo` VALUES(364, 19);
INSERT INTO `equipos_torneo` VALUES(364, 25);
INSERT INTO `equipos_torneo` VALUES(365, 12);
INSERT INTO `equipos_torneo` VALUES(365, 19);
INSERT INTO `equipos_torneo` VALUES(365, 25);
INSERT INTO `equipos_torneo` VALUES(366, 12);
INSERT INTO `equipos_torneo` VALUES(366, 19);
INSERT INTO `equipos_torneo` VALUES(366, 25);
INSERT INTO `equipos_torneo` VALUES(367, 12);
INSERT INTO `equipos_torneo` VALUES(367, 25);
INSERT INTO `equipos_torneo` VALUES(368, 12);
INSERT INTO `equipos_torneo` VALUES(368, 25);
INSERT INTO `equipos_torneo` VALUES(369, 12);
INSERT INTO `equipos_torneo` VALUES(369, 25);
INSERT INTO `equipos_torneo` VALUES(370, 12);
INSERT INTO `equipos_torneo` VALUES(370, 25);
INSERT INTO `equipos_torneo` VALUES(371, 12);
INSERT INTO `equipos_torneo` VALUES(371, 25);
INSERT INTO `equipos_torneo` VALUES(372, 12);
INSERT INTO `equipos_torneo` VALUES(372, 25);
INSERT INTO `equipos_torneo` VALUES(373, 19);
INSERT INTO `equipos_torneo` VALUES(374, 19);
INSERT INTO `equipos_torneo` VALUES(375, 19);
INSERT INTO `equipos_torneo` VALUES(376, 19);
INSERT INTO `equipos_torneo` VALUES(377, 19);
INSERT INTO `equipos_torneo` VALUES(378, 19);
INSERT INTO `equipos_torneo` VALUES(379, 19);
INSERT INTO `equipos_torneo` VALUES(380, 19);
INSERT INTO `equipos_torneo` VALUES(381, 19);
INSERT INTO `equipos_torneo` VALUES(382, 19);
INSERT INTO `equipos_torneo` VALUES(383, 19);
INSERT INTO `equipos_torneo` VALUES(384, 19);
INSERT INTO `equipos_torneo` VALUES(384, 25);
INSERT INTO `equipos_torneo` VALUES(384, 27);
INSERT INTO `equipos_torneo` VALUES(385, 19);
INSERT INTO `equipos_torneo` VALUES(385, 25);
INSERT INTO `equipos_torneo` VALUES(385, 27);
INSERT INTO `equipos_torneo` VALUES(386, 19);
INSERT INTO `equipos_torneo` VALUES(387, 19);
INSERT INTO `equipos_torneo` VALUES(388, 19);
INSERT INTO `equipos_torneo` VALUES(389, 19);
INSERT INTO `equipos_torneo` VALUES(390, 19);
INSERT INTO `equipos_torneo` VALUES(391, 19);
INSERT INTO `equipos_torneo` VALUES(392, 19);
INSERT INTO `equipos_torneo` VALUES(393, 19);
INSERT INTO `equipos_torneo` VALUES(394, 19);
INSERT INTO `equipos_torneo` VALUES(395, 19);
INSERT INTO `equipos_torneo` VALUES(396, 19);
INSERT INTO `equipos_torneo` VALUES(397, 19);
INSERT INTO `equipos_torneo` VALUES(398, 19);
INSERT INTO `equipos_torneo` VALUES(399, 19);
INSERT INTO `equipos_torneo` VALUES(400, 19);
INSERT INTO `equipos_torneo` VALUES(401, 19);
INSERT INTO `equipos_torneo` VALUES(402, 19);
INSERT INTO `equipos_torneo` VALUES(403, 26);
INSERT INTO `equipos_torneo` VALUES(404, 26);
INSERT INTO `equipos_torneo` VALUES(405, 26);
INSERT INTO `equipos_torneo` VALUES(406, 26);
INSERT INTO `equipos_torneo` VALUES(407, 25);
INSERT INTO `equipos_torneo` VALUES(407, 27);
INSERT INTO `equipos_torneo` VALUES(408, 25);
INSERT INTO `equipos_torneo` VALUES(408, 27);
INSERT INTO `equipos_torneo` VALUES(409, 25);
INSERT INTO `equipos_torneo` VALUES(409, 27);
INSERT INTO `equipos_torneo` VALUES(410, 25);
INSERT INTO `equipos_torneo` VALUES(410, 27);
INSERT INTO `equipos_torneo` VALUES(411, 25);
INSERT INTO `equipos_torneo` VALUES(411, 27);
INSERT INTO `equipos_torneo` VALUES(412, 25);
INSERT INTO `equipos_torneo` VALUES(412, 27);

-- -------------------------------------------------------






ALTER TABLE `equipos_torneo`
  ADD CONSTRAINT `equipos_torneo_ibfk_1` FOREIGN KEY (`id_equipo`) REFERENCES `tbequipo` (`id_equipo`),
  ADD CONSTRAINT `equipos_torneo_ibfk_2` FOREIGN KEY (`id_torneo`) REFERENCES `tbtorneos` (`id_torneo`);

/*!40101 SET CHARACTER_SET_CLIENT=@OLD_CHARACTER_SET_CLIENT */;
/*!40101 SET CHARACTER_SET_RESULTS=@OLD_CHARACTER_SET_RESULTS */;
/*!40101 SET COLLATION_CONNECTION=@OLD_COLLATION_CONNECTION */;
